[
    {
        "id": 12345,
        "name": "tabassum",
        "email":"tabubnau97",
        "phone": 234455667656
    },
    {
        
        "id": 12346,
        "name": "anu",
        "email":"fdgghyt56",
        "phone": 234455667656

    },
    {
        
        "id": 12347,
        "name": "mahi",
        "email":"mahi456@",
        "phone": 3658698458738
    },
    {
        "id": 12348,
        "name": "neha",
        "email":"neha457@",
        "phone": 78950858295
    }
    
  
]