<?xml version="1.0" encoding="UTF-8"?>
<beans xmlns="http://www.springframework.org/schema/beans"
	xmlns:xsi="http://www.w3.org/2001/XMLSchema-instance"
	xsi:schemaLocation="
        http://www.springframework.org/schema/beans http://www.springframework.org/schema/beans/spring-beans.xsd">


	<bean id="employee" class="com.capgemini.springcore.beans.EmployeeBean" autowire="byType">
		 <property name="empId" value="101" />
		  <property name="empName" value="Yashasvi" />
		   <property name="deptBean" ref="department" /> 
		  
		   <!-- byType will check the class name i.e., the path com.capgemini.springcore.beans.DepartmentBean -->
	<!-- byName will check the is name it should be same as the properties in 
		the bean class -->
	
		<!-- While using autowire types 
		like byName,byType,constructor,default,no dont use ref -->
		   
	
	</bean>
	
	  <bean id="test" class="com.capgemini.springcore.beans.DepartmentBean"> 
		<property name="deptId" value="9012" /> 
		<property name="deptName" value="test" />
		 </bean>

	<!-- <bean id="Dev" class="com.capgemini.springcore.beans.DepartmentBean" primary = "true">
		<property name="deptId" value="9012" />
		<property name="deptName" value="Dev" />
	</bean> -->
	
	<bean id="dev" class="com.capgemini.springcore.beans.DepartmentBean" autowire-candidate="false">
	 <property name="deptId" value="9012" /> 
	 <property name="deptName" value="Dev" />
		 </bean>
		 
		 <bean id="hr" class="com.capgemini.springcore.beans.DepartmentBean" autowire-candidate="false"> 
		 <property name="deptId" value="9012" /> 
		 <property name="deptName" value="hr" />
		  </bean>

	  
	












 

</beans>