<?xml version="1.0" encoding="UTF-8"?>
<beans xmlns="http://www.springframework.org/schema/beans"
	xmlns:xsi="http://www.w3.org/2001/XMLSchema-instance"
	xsi:schemaLocation="
        http://www.springframework.org/schema/beans http://www.springframework.org/schema/beans/spring-beans.xsd">

<!-- Configurationo for Set -->
<bean id="medicine" class="com.capgemini.springcore.annotations.beans.Medicine">
<property name="name" value="Crocin 650" />
<property name="price" value="50.89" />
<property name="type" value="Allopathic" />
<property name="drugsSet">
<set>
<value>Abc1</value>
<value>Paracetomol</value>
<value>Xyz2</value>
</set>
</property>


</bean>

<!-- configuration for list -->
<!-- <bean id="medicine" class = "com.capgemini.springcore.annotations.beans.Medicine">
<property name="name" value = "Crocine" />
<property name="price" value="50.98" />
<property name="type" value="Allopthic" />
<property name="drug" >
<list>
<value>Abc1</value>
<value>Paracetomol</value>
<value>Xyz2</value>
</list>
</property>
</bean>
 -->
</beans>