<?xml version="1.0" encoding="UTF-8"?>
<beans xmlns="http://www.springframework.org/schema/beans"
	xmlns:xsi="http://www.w3.org/2001/XMLSchema-instance"
	xsi:schemaLocation="
        http://www.springframework.org/schema/beans http://www.springframework.org/schema/beans/spring-beans.xsd">
      <!--  <bean id ="mobile" class="com.capgemini.springcore.beans.MobileBean" autowire="byType"> -->
       <bean id ="mobile" class="com.capgemini.springcore.beans.MobileBean" autowire="byName">
       <property name="brandName" value="YU"/>
       <property name="modelName" value="A" />
       <property name="price" value="10000" />
      <!--  <property name="mobileDis" ref = "mobileDisplay" /> -->
       
       </bean>
       <bean id = "mobileDis" class="com.capgemini.springcore.beans.MobileDisplay">
       <property name="displaySize" value="5.5" />
       <property name="resolution"  value="1200"/>
       </bean>
       
        </beans>